tarih,toplam_tuketim_mwh,ortalama_ptf_tl_mwh,ortalama_sicaklik_c,yenilenebilir_orani,yil,ay,usd_try,eur_try,tufe_yillik,politika_faizi,reel_efektif_kur,sanayi_uretim_endeksi,toplam_tuketim_gwh,sanayi_tuketim_gwh,konut_tuketim_gwh,ticarethane_gwh,resmi_daire_gwh,diger_gwh,nufus_milyon,issizlik_orani
2018-01-01,26634158,1558.435806451613,3.135483870967742,0.3664493669405623,2018,1,4.0561,4.4573,16.34,10.8,84.1,90.7,25411.2,10576.2,6240.1,4102.7,1265.3,3268.8,81.015,11.32
2018-02-01,22518434,1488.4764285714286,6.167857142857143,0.3854125198304674,2018,2,4.1133,4.4024,20.73,12.17,75.89,97.3,22809.4,10024.4,5539.7,3720.2,1187.1,3052.9,80.992,11.86
2018-03-01,22886749,1536.663870967742,10.022580645161291,0.4134157174837403,2018,3,4.2435,4.5874,24.56,7.39,78.93,102.2,22076.5,9173.6,5296.7,3470,1142.6,2648.4,81.035,12.62
2018-04-01,20461660,1460.8473333333334,17.313333333333333,0.43492374169660125,2018,4,4.2774,4.6983,25.55,7.42,85.75,101.6,21313,8863.6,5139.7,3546.7,1142,2803.8,81.009,12.49
2018-05-01,20760509,1561.7535483870968,22.193548387096776,0.42248104839682377,2018,5,4.2306,4.7091,37.66,9.91,78.03,106.8,22080.6,9645.9,5152.1,3436.5,1087,2819.3,81.106,11.6
2018-06-01,20322463,1467.8036666666667,26.266666666666666,0.39535243729129677,2018,6,4.5331,4.8298,37.17,9.34,77.36,105.5,23249.8,9859.3,5367.6,3887.9,1150.7,2961.2,81.11,11.47
2018-07-01,22486184,1529.4341935483872,27.677419354838708,0.36341891445378993,2018,7,4.646,5.0442,44.23,12.07,83.27,109.3,24331.9,9945.2,5767,3921.6,1238.2,3140.8,81.105,9.34
2018-08-01,24848427,1509.438064516129,24.996774193548386,0.3305688960482019,2018,8,4.7765,5.1922,50.26,13.06,78.46,104.9,26960.5,11528.8,6573.6,4075.2,1320.5,3568.8,81.108,9.23
2018-09-01,25592464,1586.552,20.22,0.30054049893450846,2018,9,4.7607,5.3014,58.17,12.28,76.74,107.7,28818.2,12373.9,6908.4,4573.3,1562.5,3773.3,81.069,9
2018-10-01,28608712,1584.9487096774194,13.393548387096773,0.2963874604149842,2018,10,4.5441,5.2326,66.18,12.51,78.76,104.3,29663.7,12431.3,7177.9,4669.7,1563,3814.1,81.119,9.55
2018-11-01,27916419,1577.2676666666666,8.12,0.30389661137419566,2018,11,4.8627,5.4117,66.1,14.15,73.31,103.5,29060.9,12184,6892.8,4440.6,1507.6,3764.2,81.237,9.52
2018-12-01,28920510,1557.1712903225807,4.067741935483871,0.3318079610061179,2018,12,5.6501,6.3303,76.36,12.25,75.86,102.3,27596,11497.5,6687.9,4328,1320.6,3528.3,81.154,10.17
2019-01-01,27342048,1637.0851612903225,3.541935483870968,0.3551552906510735,2019,1,5.1911,5.3486,77.85,11.13,71.02,99.3,24916.6,10515.4,5989.3,4125.8,1193.7,3260.9,81.094,11.09
2019-02-01,22825687,1604.5017857142857,5.4,0.39157189737426806,2019,2,5.2019,5.6163,79.99,11.65,68.41,98.9,25460.8,11497.3,6327.2,4131.6,1244,3343,81.146,11.15
2019-03-01,23202123,1684.5687096774193,9.961290322580645,0.4123172681118496,2019,3,5.036,5.5507,85,15.5,70.81,107.9,22937.6,9714.8,5551.1,3681.8,1148.7,2911.4,81.122,12.61
2019-04-01,21225036,1679.883,16.766666666666666,0.4185397183851565,2019,4,5.6639,5.931,85,13.75,71.1,109.9,22786.9,9693.7,5293.1,3435.4,1215.7,3045.7,81.254,11.58
2019-05-01,21259236,1584.1770967741936,22.516129032258064,0.41964383317976695,2019,5,6.1963,6.9143,85,14.75,72.44,108.6,22490.4,9159.6,5400.2,3669.1,1135.8,2936.2,81.12,10.76
2019-06-01,20648840,1565.4573333333333,26.133333333333333,0.3964094654691982,2019,6,5.9022,6.3256,85,15.06,71.7,106.8,24992.5,10219.5,5957.4,3922.7,1189.8,3165.7,81.211,9.82
2019-07-01,23133086,1644.0709677419354,27.303225806451614,0.36896240310186823,2019,7,6.326,7.1346,85,17,76.82,111.5,25213.7,10506.3,6119.5,4051.9,1286.4,3281.9,81.155,8.51
2019-08-01,25123184,1632.0083870967742,23.85483870967742,0.3265860795976692,2019,8,6.3545,7.0578,85,18.6,72.09,111.5,27774.2,11504.3,6810.3,4486.5,1489.5,3625.3,81.187,8.72
2019-09-01,26370012,1659.8723333333332,20.04,0.30870319291173093,2019,9,6.3341,6.8632,85,14.95,74.81,113.2,28963.2,12302,6665.7,4532.7,1510.2,3743.8,81.18,8.05
2019-10-01,28980979,1656.651612903226,13.567741935483872,0.2954055458230722,2019,10,6.583,7.3266,85,17.15,70.84,112.9,30240.3,12544.4,7317.7,4873.9,1504.3,4087.2,81.395,8.79
2019-11-01,28568675,1626.1873333333333,7.956666666666667,0.310833044502695,2019,11,6.7722,6.9929,85,22.3,70.76,107.8,29571.7,12424.3,7288.4,4656.7,1482,3820.9,81.245,9.5
2019-12-01,29116443,1714.4487096774194,3.5129032258064514,0.3198256360485491,2019,12,6.966,7.7271,85,16.93,75.06,104.6,26873.5,11237.6,6693.1,4445.1,1345.3,3462.4,81.275,10.47
2020-01-01,27873966,1736.8680645161292,2.4483870967741934,0.36284247382573,2020,1,6.218,7.0484,85,18.44,73.57,104.3,26179.3,11117,6216,4262.4,1281.3,3319.1,81.296,11.78
2020-02-01,24112240,1785.683103448276,5.010344827586207,0.3941701402582617,2020,2,7.408,8.0947,85,14.51,75.17,105.8,24566.8,9981.5,5911.5,3918.9,1321.4,3075.1,81.322,10.37
2020-03-01,21932536,1684.7587096774193,10.070967741935483,0.414655957904917,2020,3,7.6377,8.0219,85,14.82,72.06,84.3,22387.2,9348.2,5270.5,3548.4,1094.2,2878.1,81.335,11.43
2020-04-01,18299453,1745.5446666666667,16.566666666666666,0.42740733226188043,2020,4,8.3222,9.1975,85,17.31,71.31,82.5,22890,9881.7,5548,3709.6,1135.2,2989.1,81.357,11.9
2020-05-01,18166155,1671.5987096774193,22.706451612903226,0.42767103234049575,2020,5,8.4475,9.3974,85,18.79,74.18,90,24615.2,10174.4,5901.3,4015.2,1229.8,3214.4,81.305,9.83
2020-06-01,19796053,1711.025,26.19,0.3991589359989839,2020,6,8.3162,9.4132,85,20.61,68.41,92.8,24748.5,10430.1,5964.6,3963.7,1174.7,3087.2,81.346,9.58
2020-07-01,23796044,1770.551935483871,27.387096774193548,0.3658618728355928,2020,7,7.9689,9.1148,85,20.96,74.19,98.4,25392.4,10898.7,6309.6,4090.6,1421.7,3260.6,81.262,9.11
2020-08-01,25697925,1768.0403225806451,25.009677419354837,0.3205662516907719,2020,8,7.7705,8.5239,85,19.66,63.44,117.7,28836.4,11970.7,7056.9,4746.4,1480.6,3805.2,81.423,7.89
2020-09-01,27121306,1805.786,19.413333333333334,0.3018497503023039,2020,9,8.7282,9.6579,85,20.39,74.49,117.4,30866.7,13002.2,7520.4,4912.1,1510.4,4078.7,81.433,9.04
2020-10-01,29428164,1801.058064516129,13.209677419354838,0.2932909248936637,2020,10,8.8346,9.4399,85,21.39,65.93,116.6,31163.5,13177.4,7211.9,4940.5,1562.1,4008,81.463,8.52
2020-11-01,29228586,1798.2343333333333,7.433333333333334,0.30256206374972133,2020,11,8.6879,9.5902,85,19.92,73.32,112.5,28960.2,11866,7226.4,4631.9,1393.9,3884.8,81.392,8.17
2020-12-01,29811240,1754.2506451612903,3.4612903225806453,0.3259978707032808,2020,12,8.7619,9.7769,85,21.24,72.08,114.4,28857.9,12242.1,7118.7,4803,1467.8,3695,81.401,9.34
2021-01-01,28287802,1820.493870967742,2.770967741935484,0.3669212739147507,2021,1,9.4371,10.5276,85,23.13,67.9,109.4,28214.8,11806,6724.5,4639.1,1387.3,3704.1,81.386,10
2021-02-01,23861351,1818.13,4.507142857142857,0.3908028429577277,2021,2,10.333,11.9287,85,21.94,72.05,107.7,25879,10877.7,6213.2,4107.9,1241.9,3372.8,81.375,11.43
2021-03-01,24620270,1765.03,10.570967741935483,0.4071327969346451,2021,3,10.2707,11.6897,85,24.76,65.61,110.4,24458,10274.7,5963.4,4038.3,1322.3,3187.9,81.349,9.53
2021-04-01,22089029,1755.6796666666667,16.156666666666666,0.4247224771557113,2021,4,10.1488,11.1758,85,23.72,67.29,116.1,24325.6,10009.9,5826,3814.2,1258.6,3254.7,81.424,10.49
2021-05-01,22334112,1766.1687096774194,21.07741935483871,0.4170456321691569,2021,5,11.1082,12.2599,85,22.11,65.5,120.3,24581,10350,6171.5,3918.1,1288.3,3229.4,81.463,9.67
2021-06-01,22217762,1872.4596666666666,25.74,0.40674561701520306,2021,6,11.1401,12.0715,85,22.45,74.67,125.5,26743.8,11104.2,6182.2,4276.7,1355.1,3527,81.47,9.48
2021-07-01,24091867,1740.1625806451614,26.94516129032258,0.3692176207537829,2021,7,11.5253,12.667,85,27.16,63.06,125.1,27507.5,11534.3,6650,4272.6,1379.6,3565.5,81.594,9.26
2021-08-01,26176888,1838.6445161290324,24.454838709677418,0.32506435264991873,2021,8,10.8519,12.1086,85,23.55,61.98,125.7,29660.1,12237.5,7042.1,4673.5,1526,3824.8,81.496,8.43
2021-09-01,27574860,1844.3206666666667,19.873333333333335,0.3011661163238194,2021,9,12.0494,13.5221,85,28.92,70.35,124.6,30557.8,12804.1,7125.6,4744.4,1541.2,3903.7,81.637,9.04
2021-10-01,29999643,1910.986129032258,13.374193548387098,0.29193388841018164,2021,10,11.6653,13.0725,85,30.32,63.42,120.3,31598.8,13428.8,7668.7,5013.4,1566.2,4224.3,81.517,8.89
2021-11-01,29726489,1925.2186666666666,7.53,0.31214114846500357,2021,11,12.4896,13.8298,85,23.41,66.65,117.7,30386.3,12911.4,7357.3,4882.8,1528.8,3923.5,81.59,8.86
2021-12-01,30486250,1921.5135483870968,4.422580645161291,0.31384340584830445,2021,12,18.3853,20.3041,85,24.86,61.56,114.5,31268,12844.6,7431.2,4978.7,1580.3,4093.4,81.597,9.54
2022-01-01,28841419,2055.132258064516,2.829032258064516,0.35586619875097475,2022,1,16.547,18.3397,85,29.76,60.91,121.4,30647.1,12976.8,7263.4,4851.1,1464.4,3875.9,81.57,8.98
2022-02-01,24387678,1996.1292857142857,5.017857142857143,0.37879863703066835,2022,2,17.9555,19.7275,85,27.46,70.71,114.4,25758.8,10775.5,6169,4251.2,1258.5,3355.3,81.562,9.72
2022-03-01,25216981,1952.3732258064517,10.461290322580645,0.41173002346568327,2022,3,14.5045,16.7011,85,29.01,67.29,115.6,25546.9,10220.8,6058,4079.7,1285.4,3266,81.632,10.72
2022-04-01,22823931,1958.1596666666667,16.143333333333334,0.42842205628318725,2022,4,14.3353,16.2221,85,29.03,66.33,118.2,24710.9,10203.4,6047.1,3905.4,1203.9,3193.6,81.678,9.82
2022-05-01,22761094,1968.2112903225807,22.383870967741935,0.42368637640197715,2022,5,13.9253,14.5798,85,30.89,66.45,124.1,26878.1,11296,6512.8,4347,1404.7,3409,81.599,8.9
2022-06-01,22528426,1912.3833333333334,25.7,0.3940180802381004,2022,6,14.0898,15.7869,85,31.46,64.15,127.8,26368.5,11297.6,6268.2,4345.3,1234,3556.1,81.723,9.78
2022-07-01,24880364,1951.6825806451614,26.948387096774194,0.36235799798859036,2022,7,15.198,16.1255,85,28.58,66.15,128.1,29051.9,12324,6965.8,4858.1,1447,3689.5,81.591,8.51
2022-08-01,27021897,1933.7964516129032,23.593548387096774,0.3291012450294425,2022,8,15.8047,17.8981,85,31.67,64.22,123.3,30427.3,13023.1,7234.4,4916.1,1458.1,3953.5,81.699,7.84
2022-09-01,28171106,2049.281,19.463333333333335,0.30875222956783865,2022,9,15.7179,16.329,85,28.86,60.3,120.7,33176.5,14112,7993.9,5436.9,1732.2,4313.3,81.715,7.89
2022-10-01,30518317,1890.1583870967743,13.758064516129032,0.29667766760482966,2022,10,14.7237,16.3725,85,33.92,61,124.5,32861.5,13691.5,8097.9,5170.8,1578.7,4330.4,81.708,7.54
2022-11-01,30402166,2106.347,7.8533333333333335,0.30351691427705874,2022,11,16.0346,17.6185,85,34,69.95,122.5,31412.6,12628.3,7447,4935.3,1540.7,4069.7,81.705,7.51
2022-12-01,30942783,2046.27,4.535483870967742,0.326691614978874,2022,12,16.1363,17.7984,85,32.01,53.43,115.9,31541.1,12636.4,7408,5001.5,1569.6,4097.5,81.755,9.07
2023-01-01,29403878,2067.76,3.5612903225806454,0.36202896600296297,2023,1,17.1846,18.7247,85,29.83,59.7,117.4,30007.9,12554,7274.4,4821.7,1473.3,4016,81.683,9.26
2023-02-01,24877396,2043.7464285714286,5.310714285714286,0.3963729044248034,2023,2,18.189,19.6165,85,36.25,63.12,117,26800,11387.2,6283.9,4561.5,1317.5,3363.7,81.764,9.09
2023-03-01,25646297,2038.9590322580646,10.338709677419354,0.4131846535040177,2023,3,17.7994,19.8836,85,31.29,58.83,120.5,25447.5,10721.9,6138.6,4174.3,1241.8,3450.2,81.628,9.06
2023-04-01,23171827,2011.7303333333334,16.03,0.4247415409570934,2023,4,18.1641,20.1191,85,37.1,55.19,123.5,25968.7,11045,6127.5,4276.4,1190.7,3638.6,81.801,10.09
2023-05-01,23661411,1991.4125806451614,22.587096774193547,0.4175004497645694,2023,5,17.8275,20.6298,85,33.48,62.05,126.7,27708.4,11562.9,6798.8,4525.3,1358.3,3615.1,81.767,9.81
2023-06-01,23027012,2005.8153333333335,26.54,0.4081271398898178,2023,6,21.1433,22.3037,85,50,61.56,129.4,27287.3,11667.8,6342.5,4289.1,1434.7,3531.5,81.789,8.24
2023-07-01,25264681,2028.8396774193548,26.329032258064515,0.3652324438413773,2023,7,21.171,22.7876,85,50,67.17,133.7,30944.7,12484.6,7588,4923.1,1550.8,4015.9,81.813,6.9
2023-08-01,27493496,2018.9732258064516,24.558064516129033,0.3247888888591646,2023,8,20.4988,23.0249,85,50,54.34,130.8,31827.5,13396.7,7947.8,5242.2,1598.6,4090.3,81.865,6.97
2023-09-01,28558289,2051.238,19.55,0.30584807987451973,2023,9,19.9977,23.49,85,50,63.84,126.5,32311.3,13602.3,7872.8,5108.3,1649,4049.3,81.89,7.17
2023-10-01,31174787,2095.168387096774,13.55483870967742,0.2934769907045741,2023,10,22.2573,24.9339,85,50,51.39,126.4,33261.5,13971.1,8101.2,5420.9,1691.3,4324.8,81.799,6.88
2023-11-01,30918868,2090.945333333333,7.633333333333334,0.3058217925403829,2023,11,22.2882,23.2526,85,50,55.03,128.8,33914.5,13934.7,8075.1,5496.3,1603.9,4443.3,81.968,7.66
2023-12-01,31381322,2076.0232258064516,4.225806451612903,0.3166576742719857,2023,12,22.9027,23.8937,85,50,56.97,125.5,32598.3,13825,7600.4,5259.5,1565.7,4215.6,81.799,9.11
2024-01-01,30141371,2181.041612903226,2.8483870967741938,0.365421427539221,2024,1,23.9866,27.0533,85,50,57.08,121.9,28954.6,12609.9,7071.5,4683.9,1442,3846.5,81.867,8.79
2024-02-01,26361956,2211.4844827586207,6.1,0.3884987225814275,2024,2,22.3993,23.3527,85,50,52.92,124.5,28948.2,12146.5,7009.3,4641.3,1401.4,3841.7,81.829,9.5
2024-03-01,25892117,2118.6945161290323,10.5,0.41245388658962356,2024,3,24.1929,25.0018,85,50,57.68,129.9,27393.6,11346.5,6956.9,4390.7,1362.5,3533.4,81.981,8.81
2024-04-01,23865000,2144.2843333333335,16.6,0.41667080901621406,2024,4,25.7277,28.0583,85,50,54.66,129.8,26266.9,11093.6,6191,4313.8,1277.1,3355.6,81.936,9.47
2024-05-01,24197316,2153.081935483871,21.783870967741937,0.41568930718442726,2024,5,24.9289,27.1727,85,50,48.81,132.8,28486.8,11976.7,7132.4,4666.7,1361.6,3713.7,81.912,8.82
2024-06-01,23484429,2153.7663333333335,26.106666666666666,0.3893343969421823,2024,6,27.4802,29.2062,85,50,57.83,137.3,29252.5,12089.4,6916.8,4519,1492.5,3706.8,82.021,7.24
2024-07-01,25946930,2146.7525806451613,27.403225806451612,0.35529196461467444,2024,7,26.7361,29.3137,85,50,50.91,143.8,30438.1,13106,7376.9,4813,1539.1,3984.8,81.958,6.47
2024-08-01,28300404,2192.2929032258066,25.06774193548387,0.34127168613678494,2024,8,28.3977,30.3635,85,50,48.87,135.7,32694,13581.5,7791.2,5263.1,1615.8,4185.6,81.956,6.67
2024-09-01,29149916,2258.3986666666665,19.643333333333334,0.30509402139848085,2024,9,28.1658,31.2284,85,50,55.76,136.2,34080.9,14192.5,7961.8,5591.8,1654,4489.8,81.936,6.15
2024-10-01,32051341,2157.8883870967743,13.283870967741935,0.2959612275294685,2024,10,28.4678,31.0787,85,50,59.73,134.4,35134.1,14707,8483.5,5725.7,1772.2,4695.1,81.963,6.7
2024-11-01,31547398,2230.7296666666666,7.496666666666667,0.3089789003741495,2024,11,30.5508,34.0745,85,50,56.44,125.1,34019,13722.7,8118.8,5450.6,1715.7,4417.7,82.038,7.53
2024-12-01,32080015,2135.9670967741936,4.483870967741935,0.3346015894442633,2024,12,31.5761,33.0749,85,50,47.48,126.5,31946.4,13192.9,7615.4,5094,1607.4,4224.4,82.062,7.92
2025-01-01,30751174,2392.3864516129033,3.3064516129032255,0.3525278262133514,2025,1,32.3788,34.0078,85,50,54.92,127.8,30881.1,13014.1,7084.5,4978.4,1529.4,3977.7,82.034,7.69
2025-02-01,26007148,2391.6403571428573,5.285714285714286,0.3895800141376946,2025,2,31.71,35.5938,85,50,49.94,132.9,29805.3,12814.2,7101.4,4736.9,1597,3756.3,82.146,8.12
2025-03-01,26584693,2327.3151612903225,10.216129032258065,0.41557654274848,2025,3,33.0456,36.3484,85,50,54.73,133.3,28299.3,11785.5,6777.3,4335.8,1368.4,3625.3,82.056,9.18
2025-04-01,24349452,2222.2006666666666,16.196666666666665,0.4261382575336695,2025,4,35.8532,37.9394,85,50,49.62,139.7,27379.2,11360.4,6734.5,4249.3,1421.1,3409.1,81.984,8.21
